task_name,n,source_factual_precision,target_recall,novel_supported_claim_rate,semantic_similarity,bertscore_f1,instruction_pass_rate,contradiction_rate,unsupported_claim_ratio,contradiction_claim_ratio,repetition_rate,average_word_count,invalid_target_facts_per_response
analyst_observations,315,0.648246409674981,0.8647089947089946,0.019312169312169312,0.8396943692177061,0.4544761949115329,0.819047619047619,0.4253968253968254,0.21662131519274375,0.13513227513227513,0.003603896281485301,67.8031746031746,0.0031746031746031746
behavioral_summary,315,0.6372486772486772,0.813068783068783,0.04275132275132275,0.8080218829805889,0.46498397039988687,0.7936507936507936,0.35873015873015873,0.2186243386243386,0.14412698412698413,0.0003225986385103692,40.593650793650795,0.0
category_mix_analysis,315,0.16167800453514738,0.3539153439153439,0.0,0.9156525152070182,0.5944795429706573,0.06666666666666667,0.9968253968253968,0.11896447467876038,0.7193575207860922,0.025625426258796134,63.65079365079365,0.012698412698412698
financial_profile,315,0.6000579491055681,0.7911111111111112,0.0009070294784580498,0.8615397809043763,0.467990186384746,0.6888888888888889,0.7968253968253968,0.17122323003275383,0.22871882086167797,0.00831424916291148,77.02222222222223,0.022222222222222223
spending_style_analysis,315,0.7636507936507937,0.8942857142857142,0.021111111111111112,0.8580384846717592,0.48981859963091595,0.8952380952380953,0.31746031746031744,0.15137566137566139,0.08497354497354496,0.002237336564892473,64.52063492063492,0.0
