task_name,n,source_factual_precision,target_recall,novel_supported_claim_rate,semantic_similarity,bertscore_f1,instruction_pass_rate,contradiction_rate,unsupported_claim_ratio,contradiction_claim_ratio,repetition_rate,average_word_count,invalid_target_facts_per_response
analyst_observations,315,0.6465608465608466,0.8862962962962964,0.015185185185185185,0.8390179895219348,0.46116495482505315,0.8317460317460318,0.4,0.22830687830687832,0.12513227513227512,0.002999884769804193,64.66031746031746,0.0
behavioral_summary,315,0.6463492063492063,0.8218518518518518,0.04232804232804233,0.8025035939519367,0.47132653546711756,0.7904761904761904,0.3523809523809524,0.2257142857142857,0.12793650793650793,7.936507936507943e-05,40.3968253968254,0.0
category_mix_analysis,315,0.1663114134542706,0.37555555555555553,0.0,0.9136313519780598,0.5951122434366317,0.0761904761904762,0.9904761904761905,0.11399848828420257,0.7196900982615269,0.02455635499723194,63.7968253968254,0.006349206349206349
financial_profile,315,0.6325182665658856,0.8088813303099018,0.0003968253968253968,0.8660212126989213,0.4792544577802931,0.7111111111111111,0.8063492063492064,0.15772612748803225,0.20975560594608214,0.0069024613381505695,74.74920634920635,0.015873015873015872
spending_style_analysis,315,0.77005291005291,0.891005291005291,0.018994708994708995,0.860507729507628,0.5002157455398923,0.8857142857142857,0.3111111111111111,0.14777777777777776,0.08216931216931217,0.001443998545455481,60.66031746031746,0.0
